<?xml version="1.0" encoding="utf-8"?>
<!DOCTYPE article PUBLIC "-//NLM//DTD JATS (Z39.96) Journal Publishing DTD v1.1d3 20150301//EN" "http://jats.nlm.nih.gov/publishing/1.1d3/JATS-journalpublishing1.dtd">
<article article-type="discussion" dtd-version="1.1d3" xml:lang="en" xmlns:mml="http://www.w3.org/1998/Math/MathML" xmlns:xlink="http://www.w3.org/1999/xlink">
<front>
<journal-meta>
<journal-id journal-id-type="nlm-ta">PLoS Biol</journal-id>
<journal-id journal-id-type="publisher-id">plos</journal-id>
<journal-id journal-id-type="pmc">plosbiol</journal-id>
<journal-title-group>
<journal-title>PLOS Biology</journal-title>
</journal-title-group>
<issn pub-type="ppub">1544-9173</issn>
<issn pub-type="epub">1545-7885</issn>
<publisher>
<publisher-name>Public Library of Science</publisher-name>
<publisher-loc>San Francisco, CA USA</publisher-loc>
</publisher>
</journal-meta>
<article-meta>
<article-id pub-id-type="doi">10.1371/journal.pbio.3002132</article-id>
<article-id pub-id-type="publisher-id">PBIOLOGY-D-23-00688</article-id>
<article-categories>
<subj-group subj-group-type="heading">
<subject>Perspective</subject>
</subj-group>
<subj-group subj-group-type="Discipline-v3">
<subject>Biology and life sciences</subject><subj-group><subject>Cell biology</subject><subj-group><subject>Signal transduction</subject><subj-group><subject>Cell signaling</subject><subj-group><subject>Signaling cascades</subject><subj-group><subject>Stress signaling cascade</subject></subj-group></subj-group></subj-group></subj-group></subj-group></subj-group><subj-group subj-group-type="Discipline-v3">
<subject>Medicine and health sciences</subject><subj-group><subject>Pharmaceutics</subject><subj-group><subject>Drug therapy</subject></subj-group></subj-group></subj-group><subj-group subj-group-type="Discipline-v3">
<subject>Biology and life sciences</subject><subj-group><subject>Cell biology</subject><subj-group><subject>Signal transduction</subject><subj-group><subject>Cell signaling</subject><subj-group><subject>TOR signaling</subject></subj-group></subj-group></subj-group></subj-group></subj-group><subj-group subj-group-type="Discipline-v3">
<subject>Medicine and health sciences</subject><subj-group><subject>Clinical genetics</subject><subj-group><subject>Stem cell therapy</subject></subj-group></subj-group></subj-group><subj-group subj-group-type="Discipline-v3">
<subject>Biology and life sciences</subject><subj-group><subject>Genetics</subject><subj-group><subject>Gene types</subject><subj-group><subject>Regulator genes</subject></subj-group></subj-group></subj-group></subj-group><subj-group subj-group-type="Discipline-v3">
<subject>Medicine and health sciences</subject><subj-group><subject>Pharmacology</subject><subj-group><subject>Drug research and development</subject></subj-group></subj-group></subj-group><subj-group subj-group-type="Discipline-v3">
<subject>Medicine and health sciences</subject><subj-group><subject>Pharmaceutics</subject><subj-group><subject>Drug therapy</subject><subj-group><subject>Cardiovascular therapy</subject></subj-group></subj-group></subj-group></subj-group><subj-group subj-group-type="Discipline-v3">
<subject>Medicine and health sciences</subject><subj-group><subject>Endocrinology</subject><subj-group><subject>Endocrine physiology</subject><subj-group><subject>Menopause</subject></subj-group></subj-group></subj-group></subj-group><subj-group subj-group-type="Discipline-v3">
<subject>Biology and life sciences</subject><subj-group><subject>Physiology</subject><subj-group><subject>Endocrine physiology</subject><subj-group><subject>Menopause</subject></subj-group></subj-group></subj-group></subj-group></article-categories>
<title-group>
<article-title>Aging research: A field grows up</article-title>
</title-group>
<contrib-group>
<contrib contrib-type="author" corresp="yes" xlink:type="simple">
<contrib-id authenticated="true" contrib-id-type="orcid">https://orcid.org/0000-0002-8257-984X</contrib-id>
<name name-style="western">
<surname>Murphy</surname>
<given-names>Coleen T.</given-names>
</name>
<xref ref-type="aff" rid="aff001"><sup>1</sup></xref>
<xref ref-type="aff" rid="aff002"><sup>2</sup></xref>
<xref ref-type="corresp" rid="cor001">*</xref>
</contrib>
</contrib-group>
<aff id="aff001"><label>1</label> <addr-line>Lewis-Sigler Institute for Integrative Genomics, Princeton University, Princeton, New Jersey, United States of America</addr-line></aff>
<aff id="aff002"><label>2</label> <addr-line>Department of Molecular Biology, Princeton University, Princeton, New Jersey, United States of America</addr-line></aff>
<author-notes>
<fn fn-type="conflict" id="coi001">
<p>The author has declared that no competing interests exist.</p>
</fn>
<corresp id="cor001">* E-mail: <email xlink:type="simple">ctmurphy@princeton.edu</email></corresp>
</author-notes>
<pub-date pub-type="epub">
<day>30</day>
<month>5</month>
<year>2023</year>
</pub-date>
<pub-date pub-type="collection">
<month>5</month>
<year>2023</year>
</pub-date>
<volume>21</volume>
<issue>5</issue>
<elocation-id>e3002132</elocation-id>
<permissions>
<copyright-year>2023</copyright-year>
<copyright-holder>Coleen T. Murphy</copyright-holder>
<license xlink:href="http://creativecommons.org/licenses/by/4.0/" xlink:type="simple">
<license-p>This is an open access article distributed under the terms of the <ext-link ext-link-type="uri" xlink:href="http://creativecommons.org/licenses/by/4.0/" xlink:type="simple">Creative Commons Attribution License</ext-link>, which permits unrestricted use, distribution, and reproduction in any medium, provided the original author and source are credited.</license-p>
</license>
</permissions>
<self-uri content-type="pdf" xlink:href="info:doi/10.1371/journal.pbio.3002132"/>
<abstract abstract-type="teaser">
<p>Breakthroughs in the longevity field over the past few decades have led to major shifts in how we attack the problem of aging. What have been the most important of these shifts in our perspectives, aims, and approaches that will likely guide future research?</p>
</abstract>
<abstract abstract-type="toc">
<p>Breakthroughs in the longevity field over the past few decades have led to major shifts in how we attack the problem of aging. This Perspective tackles the most important of these shifts in our perspectives, aims, and approaches that will likely guide future research.</p>
</abstract>
<funding-group>
<award-group id="award001">
<funding-source>
<institution-wrap>
<institution-id institution-id-type="funder-id">http://dx.doi.org/10.13039/100000893</institution-id>
<institution>Simons Foundation</institution>
</institution-wrap>
</funding-source>
<award-id>SCPAB</award-id>
<principal-award-recipient>
<contrib-id authenticated="true" contrib-id-type="orcid">https://orcid.org/0000-0002-8257-984X</contrib-id>
<name name-style="western">
<surname>Murphy</surname>
<given-names>Coleen T.</given-names>
</name>
</principal-award-recipient>
</award-group>
<award-group id="award002">
<funding-source>
<institution-wrap>
<institution-id institution-id-type="funder-id">http://dx.doi.org/10.13039/100001642</institution-id>
<institution>Glenn Foundation for Medical Research</institution>
</institution-wrap>
</funding-source>
<principal-award-recipient>
<contrib-id authenticated="true" contrib-id-type="orcid">https://orcid.org/0000-0002-8257-984X</contrib-id>
<name name-style="western">
<surname>Murphy</surname>
<given-names>Coleen T.</given-names>
</name>
</principal-award-recipient>
</award-group>
<funding-statement>The author received no specific funding for this work.</funding-statement>
</funding-group>
<counts>
<fig-count count="0"/>
<table-count count="0"/>
<page-count count="3"/>
</counts>
</article-meta>
</front>
<body>
<disp-quote>
<p>This article is part of the <italic>PLOS Biology</italic> 20th Anniversary Collection.</p>
</disp-quote>
<p>When I joined the longevity field, there had already been a shift from simply observing animals as they age to instead identifying regulators that could greatly alter lifespan, thanks to pioneering invertebrate genetic studies in the 1990s and early 2000s that discovered most well-conserved longevity pathways, particularly caloric restriction and the insulin/IGF-1 and TOR pathway signaling pathways [<xref ref-type="bibr" rid="pbio.3002132.ref001">1</xref>,<xref ref-type="bibr" rid="pbio.3002132.ref002">2</xref>]. The downstream transcriptional targets of these pathways were identified through transcriptional studies, and the roles of these conserved signaling genes were confirmed in mice and associated with exceptional human longevity through genome-wide studies [<xref ref-type="bibr" rid="pbio.3002132.ref003">3</xref>].</p>
<p>What has changed in the past two decades? There have been at least three major shifts the aging/longevity research that will shape the field in the years to come.</p>
<p>The first shift is in the perspective of regulation: the concept that aging is indeed regulated, and not simply the result of accumulated damage. Once the regulators of longevity were found, there was still a general notion that these pathways primarily determine levels of cell autonomous damage repair. As molecular regulators of longevity and their networks have been identified, it has become clear that non-cell autonomous signaling coordinates rates of aging and response to damage across cells and tissues [<xref ref-type="bibr" rid="pbio.3002132.ref004">4</xref>]. Today, we better understand that for almost every cell and organelle [<xref ref-type="bibr" rid="pbio.3002132.ref005">5</xref>], there is a system of information integration and signaling output, in addition to the cell autonomous effects that were found previously. These signals may arise in response to cues that anticipate future needs, particularly to tune reproduction to available nutrients or to coordinate responses to stresses on an organism-wide basis [<xref ref-type="bibr" rid="pbio.3002132.ref006">6</xref>]. Sentinel tissues, like neurons, glia, and liver, signal to the rest of the body to coordinate pathways across tissues, rather than each tissue being regulated completely independently [<xref ref-type="bibr" rid="pbio.3002132.ref007">7</xref>]. In the future, the acknowledgment that these signals are integrated and can affect the body systemically will shape the types of therapeutics we develop, focusing on whole-body versus tissue-specific approaches, depending on the problem being solved.</p>
<p>Additionally, the role of reproduction in the regulation of longevity is better understood; in contrast to the concept of direct resource allocation limiting an animal’s lifespan, it is now clear that regulatory systems react to environmental changes, anticipating how the animal should adjust its energy usage in response to changes in nutrients and stresses. Rather than a direct “trade off” in resources, competing pro-longevity and anti-longevity signals ultimately determine rates of both reproduction and aging in anticipation of predicted future needs, based on sensing of external conditions [<xref ref-type="bibr" rid="pbio.3002132.ref008">8</xref>]. As humans, we do not necessarily associate aging with reproduction; we are not having dozens of children and our reproductive cessation (at least for women, and for most men) occurs long before other age-related declines, but the two are linked by the most important longevity-regulating pathways [<xref ref-type="bibr" rid="pbio.3002132.ref006">6</xref>,<xref ref-type="bibr" rid="pbio.3002132.ref009">9</xref>]. In fact, it is reasonable to view most “longevity” pathways as reproduction optimization pathways; the regulation of lifespan cannot be decoded without understanding its relationship to reproduction. Understanding how and when these systems communicate will affect how we approach the development of both reproductive and aging interventions.</p>
<p>A second large shift is in the aims of the field, from lifespan to healthspan [<xref ref-type="bibr" rid="pbio.3002132.ref010">10</xref>]. While maximum lifespan is still often the focus of the popular press, there is growing recognition that treating aging and age-related diseases are not mutually exclusive goals. Therefore, better understanding of how metabolic disorders, frailty, cardiovascular diseases, cognitive decline, reproductive aging, and other age-related changes are regulated might not only yield treatments for those disorders, but might ultimately increase lifespan as well. Maintaining functions with age may not only have a great impact on quality of life, but also may help us find treatments that generally slow aging. Translation from genetic model systems, including new models such as the turquoise killifish [<xref ref-type="bibr" rid="pbio.3002132.ref011">11</xref>], will be instrumental in understanding how aging-related diseases can be slowed. I am particularly excited that <ext-link ext-link-type="uri" xlink:href="https://www.simonsfoundation.org/collaborations/plasticity-and-the-aging-brain/" xlink:type="simple">normal cognitive aging</ext-link>—in the absence of neurodegenerative disease—is being recognized as an important aspect of healthy aging that needs more attention. Similarly, reproductive aging and women’s health are finally on the scene: several initiatives have recognized not only that reproductive cessation is the earliest aging phenotype, but also that menopause itself (which is about 15 years later than reproductive aging, so not interchangeable) can cause aging, and that mid-life health may ultimately determine future <ext-link ext-link-type="uri" xlink:href="https://www.buckinstitute.org/gcrle/" xlink:type="simple">longevity</ext-link>. This, plus the acknowledgment that female animals are important to study in all aspects of biology, may lead to the end of ignoring 50% of the aging population’s needs.</p>
<p>A third shift is the translational focus of the longevity field, from an almost entirely academic endeavor to one that is being taken up by industry and clinics—that is, the findings we have made in academic labs are on the verge of becoming actual aging treatments. In the most immediate future, large-scale clinical trials of some of the best-studied longevity drugs (e.g., rapamycin and metformin) and testing of dietary interventions and mimetics may lead to aging treatments. New biotech companies have sprung up with a wide range of goals, from repurposing already-approved drugs for new aging treatments [<xref ref-type="bibr" rid="pbio.3002132.ref012">12</xref>] and exploring how the pathways we have discovered over the past 20 years might be harnessed to treat aging, to high-throughput and AI-driven approaches to search for new candidate aging drugs. Circulating blood factors first identified in parabiosis experiments, drugs that target senescent cells, and cell reprogramming and regeneration approaches [<xref ref-type="bibr" rid="pbio.3002132.ref013">13</xref>] have moved from concepts to testing, while molecular clocks are beginning to be used as diagnostics. The fact that treatments for age-related diseases may reveal longevity drugs is being used smartly by companies: recognizing that the FDA does not yet view aging as a disease, age-related diseases are being used as proxies for aging in drug trials; this approach may both treat those age-related diseases and speed up longevity drug development. New gene editing approaches and tools borrowed from the stem cell and immunology fields hold great promise for treating aging, age-related diseases, and segmental progerias.</p>
<p>Luckily, we have finally matured beyond asking whether it is right to study aging, as it is being increasingly recognized that efforts to slow aging will be broadly beneficial; in fact, some of those approaches will help those with other disorders (e.g., muscle diseases, menopause and mid-life issues, and neurodegenerative diseases). Instead, we can ask, which of the multiple approaches being tested now will have the greatest impacts on our lives in the foreseeable future, and how can we all benefit?</p>
</body>
<back>
<ack>
<p>CTM apologizes to the hundreds of authors in the aging field that there was insufficient space to credit here. CTM is the James A. Elkins, Jr. Professor in the Life Sciences at Princeton University, Director of the Simons Collaboration on Plasticity in the Aging Brain, Director of the Paul F. Glenn Laboratories of Aging Research at Princeton, and author of “How We Age” (Princeton University Press).</p>
</ack>
<ref-list>
<title>References</title>
<ref id="pbio.3002132.ref001"><label>1</label><mixed-citation publication-type="journal" xlink:type="simple"><name name-style="western"><surname>Kenyon</surname> <given-names>C</given-names></name>, <name name-style="western"><surname>Chang</surname> <given-names>J</given-names></name>, <name name-style="western"><surname>Gansch</surname> <given-names>E</given-names></name>, <name name-style="western"><surname>Rudner</surname> <given-names>A</given-names></name>, <name name-style="western"><surname>Tabtiang</surname> <given-names>R</given-names></name>. <article-title><italic>elegans</italic> mutant that lives twice as long as wild type</article-title>. <source>Nature</source>. <year>1993</year>;<volume>366</volume>(<issue>6454</issue>):<fpage>461</fpage>–<lpage>4</lpage>. <comment>doi: <ext-link ext-link-type="uri" xlink:href="https://doi.org/10.1038/366461a0" xlink:type="simple">10.1038/366461a0</ext-link></comment> <object-id pub-id-type="pmid">8247153</object-id></mixed-citation></ref>
<ref id="pbio.3002132.ref002"><label>2</label><mixed-citation publication-type="journal" xlink:type="simple"><name name-style="western"><surname>Kapahi</surname> <given-names>P</given-names></name>, <name name-style="western"><surname>Zid</surname> <given-names>BM</given-names></name>, <name name-style="western"><surname>Harper</surname> <given-names>T</given-names></name>, <name name-style="western"><surname>Koslover</surname> <given-names>D</given-names></name>, <name name-style="western"><surname>Sapin</surname> <given-names>V</given-names></name>, <name name-style="western"><surname>Benzer</surname> <given-names>S</given-names></name>. <article-title>Regulation of lifespan in Drosophila by modulation of genes in the TOR signaling pathway</article-title>. <source>Curr Biol</source>. <year>2004</year>;<volume>14</volume>(<issue>10</issue>):<fpage>885</fpage>–<lpage>90</lpage>. <comment>doi: <ext-link ext-link-type="uri" xlink:href="https://doi.org/10.1016/j.cub.2004.03.059" xlink:type="simple">10.1016/j.cub.2004.03.059</ext-link></comment> <object-id pub-id-type="pmid">15186745</object-id></mixed-citation></ref>
<ref id="pbio.3002132.ref003"><label>3</label><mixed-citation publication-type="journal" xlink:type="simple"><name name-style="western"><surname>Suh</surname> <given-names>Y</given-names></name>, <name name-style="western"><surname>Atzmon</surname> <given-names>G</given-names></name>, <name name-style="western"><surname>Cho</surname> <given-names>MO</given-names></name>, <name name-style="western"><surname>Hwang</surname> <given-names>D</given-names></name>, <name name-style="western"><surname>Liu</surname> <given-names>B</given-names></name>, <name name-style="western"><surname>Leahy</surname> <given-names>DJ</given-names></name>, <etal>et al</etal>. <article-title>Pinchas Cohen Functionally significant insulin-like growth factor I receptor mutations in centenarians</article-title>. <source>Proc Natl Acad Sci U S A</source>. <year>2008</year>;<volume>105</volume>(<issue>9</issue>):<fpage>3438</fpage>–<lpage>42</lpage>. <comment>doi: <ext-link ext-link-type="uri" xlink:href="https://doi.org/10.1073/pnas.0705467105" xlink:type="simple">10.1073/pnas.0705467105</ext-link></comment> <object-id pub-id-type="pmid">18316725</object-id></mixed-citation></ref>
<ref id="pbio.3002132.ref004"><label>4</label><mixed-citation publication-type="journal" xlink:type="simple"><name name-style="western"><surname>Villeda</surname> <given-names>SA</given-names></name>, <name name-style="western"><surname>Luo</surname> <given-names>J</given-names></name>, <name name-style="western"><surname>Mosher</surname> <given-names>KI</given-names></name>, <name name-style="western"><surname>Zou</surname> <given-names>B</given-names></name>, <name name-style="western"><surname>Britschgi</surname> <given-names>M</given-names></name>, <name name-style="western"><surname>Bieri</surname> <given-names>G</given-names></name>, <etal>et al</etal>. <article-title>The ageing systemic milieu negatively regulates neurogenesis and cognitive function</article-title>. <source>Nature</source>. <year>2011</year>;<volume>477</volume>(<issue>7362</issue>):<fpage>90</fpage>–<lpage>4</lpage>. <comment>doi: <ext-link ext-link-type="uri" xlink:href="https://doi.org/10.1038/nature10357" xlink:type="simple">10.1038/nature10357</ext-link></comment> <object-id pub-id-type="pmid">21886162</object-id></mixed-citation></ref>
<ref id="pbio.3002132.ref005"><label>5</label><mixed-citation publication-type="journal" xlink:type="simple"><name name-style="western"><surname>Nargund</surname> <given-names>AM</given-names></name>, <name name-style="western"><surname>Pellegrino</surname> <given-names>MW</given-names></name>, <name name-style="western"><surname>Fiorese</surname> <given-names>CJ</given-names></name>, <name name-style="western"><surname>Baker</surname> <given-names>BM</given-names></name>, <name name-style="western"><surname>Haynes</surname> <given-names>CM</given-names></name>. <article-title>Mitochondrial Import Efficiency of ATFS-1 Regulates Mitochondrial UPR Activation</article-title>. <source>Science</source>. <year>2012</year>;<volume>337</volume>(<issue>6094</issue>):<fpage>587</fpage>–<lpage>590</lpage>. <comment>doi: <ext-link ext-link-type="uri" xlink:href="https://doi.org/10.1126/science.1223560" xlink:type="simple">10.1126/science.1223560</ext-link></comment> <object-id pub-id-type="pmid">22700657</object-id></mixed-citation></ref>
<ref id="pbio.3002132.ref006"><label>6</label><mixed-citation publication-type="journal" xlink:type="simple"><name name-style="western"><surname>Shi</surname> <given-names>C</given-names></name>, <name name-style="western"><surname>Booth</surname> <given-names>LN</given-names></name>, <name name-style="western"><surname>Murphy</surname> <given-names>CT</given-names></name>. <article-title>Insulin-like peptides and the mTOR-TFEB pathway protect <italic>Caenorhabditis elegans</italic> hermaphrodites from mating-induced death</article-title>. <source>Elife</source>. <year>2019</year>;<volume>8</volume>:<fpage>e46413</fpage>. <comment>doi: <ext-link ext-link-type="uri" xlink:href="https://doi.org/10.7554/eLife.46413" xlink:type="simple">10.7554/eLife.46413</ext-link></comment> <object-id pub-id-type="pmid">31282862</object-id></mixed-citation></ref>
<ref id="pbio.3002132.ref007"><label>7</label><mixed-citation publication-type="journal" xlink:type="simple"><name name-style="western"><surname>Horowitz</surname> <given-names>AM</given-names></name>, <name name-style="western"><surname>Fan</surname> <given-names>X</given-names></name>, <name name-style="western"><surname>Bieri</surname> <given-names>G</given-names></name>, <name name-style="western"><surname>Smith</surname> <given-names>LK</given-names></name>, <name name-style="western"><surname>Sanchez-Diaz</surname> <given-names>CI</given-names></name>, <name name-style="western"><surname>Schroer</surname> <given-names>AB</given-names></name>, <etal>et al</etal>. <article-title>Blood factors transfer beneficial effects of exercise on neurogenesis and cognition to the aged brain</article-title>. <source>Science</source>. <year>2020</year>;<volume>369</volume>(<issue>6500</issue>):<fpage>167</fpage>–<lpage>173</lpage>. <comment>doi: <ext-link ext-link-type="uri" xlink:href="https://doi.org/10.1126/science.aaw2622" xlink:type="simple">10.1126/science.aaw2622</ext-link></comment> <object-id pub-id-type="pmid">32646997</object-id></mixed-citation></ref>
<ref id="pbio.3002132.ref008"><label>8</label><mixed-citation publication-type="journal" xlink:type="simple"><name name-style="western"><surname>Hsin</surname> <given-names>H</given-names></name>, <name name-style="western"><surname>Kenyon</surname> <given-names>C</given-names></name>. <article-title>Signals from the reproductive system regulate the lifespan of <italic>C</italic>. <italic>elegans</italic></article-title>. <source>Nature</source>. <year>1999</year>;<volume>399</volume>(<issue>6734</issue>):<fpage>362</fpage>–<lpage>6</lpage>. <comment>doi: <ext-link ext-link-type="uri" xlink:href="https://doi.org/10.1038/20694" xlink:type="simple">10.1038/20694</ext-link></comment> <object-id pub-id-type="pmid">10360574</object-id></mixed-citation></ref>
<ref id="pbio.3002132.ref009"><label>9</label><mixed-citation publication-type="journal" xlink:type="simple"><name name-style="western"><surname>Perls</surname> <given-names>TT</given-names></name>, <name name-style="western"><surname>Alpert</surname> <given-names>L</given-names></name>, <name name-style="western"><surname>Fretts</surname> <given-names>RC</given-names></name>. <article-title>Middle-aged mothers live longer</article-title>. <source>Nature</source>. <year>1997</year>;<volume>389</volume>(<issue>6647</issue>):<fpage>133</fpage>. <comment>doi: <ext-link ext-link-type="uri" xlink:href="https://doi.org/10.1038/38148" xlink:type="simple">10.1038/38148</ext-link></comment> <object-id pub-id-type="pmid">9296486</object-id></mixed-citation></ref>
<ref id="pbio.3002132.ref010"><label>10</label><mixed-citation publication-type="journal" xlink:type="simple"><name name-style="western"><surname>Brandhorst</surname> <given-names>S</given-names></name>, <name name-style="western"><surname>Choi</surname> <given-names>IY</given-names></name>, <name name-style="western"><surname>Wei</surname> <given-names>M</given-names></name>, <name name-style="western"><surname>Cheng</surname> <given-names>CW</given-names></name>, <name name-style="western"><surname>Sedrakyan</surname> <given-names>S</given-names></name>, <name name-style="western"><surname>Navarrete</surname> <given-names>G</given-names></name>, <etal>et al</etal>. <article-title>A Periodic Diet that Mimics Fasting Promotes Multi-System Regeneration, Enhanced Cognitive Performance, and Healthspan</article-title>. <source>Cell Metab</source>. <year>2015</year>;<volume>22</volume>(<issue>1</issue>):<fpage>86</fpage>–<lpage>99</lpage>. <comment>doi: <ext-link ext-link-type="uri" xlink:href="https://doi.org/10.1016/j.cmet.2015.05.012" xlink:type="simple">10.1016/j.cmet.2015.05.012</ext-link></comment> <object-id pub-id-type="pmid">26094889</object-id></mixed-citation></ref>
<ref id="pbio.3002132.ref011"><label>11</label><mixed-citation publication-type="journal" xlink:type="simple"><name name-style="western"><surname>Valenzano</surname> <given-names>DR</given-names></name>, <name name-style="western"><surname>Benayoun</surname> <given-names>BA</given-names></name>, <name name-style="western"><surname>Singh</surname> <given-names>PP</given-names></name>, <name name-style="western"><surname>Zhang</surname> <given-names>E</given-names></name>, <name name-style="western"><surname>Etter</surname> <given-names>PD</given-names></name>, <name name-style="western"><surname>Hu</surname> <given-names>C-K</given-names></name>, <etal>et al</etal>. <article-title>The African Turquoise Killifish Genome Provides Insights into Evolution and Genetic Architecture of Lifespan</article-title>. <source>Cell</source>. <year>2015</year>;<volume>163</volume>(<issue>6</issue>):<fpage>1539</fpage>–<lpage>54</lpage>. <comment>doi: <ext-link ext-link-type="uri" xlink:href="https://doi.org/10.1016/j.cell.2015.11.008" xlink:type="simple">10.1016/j.cell.2015.11.008</ext-link></comment> <object-id pub-id-type="pmid">26638078</object-id></mixed-citation></ref>
<ref id="pbio.3002132.ref012"><label>12</label><mixed-citation publication-type="journal" xlink:type="simple"><name name-style="western"><surname>Hedges</surname> <given-names>CP</given-names></name>, <name name-style="western"><surname>Shetty</surname> <given-names>B</given-names></name>, <name name-style="western"><surname>Broome</surname> <given-names>SC</given-names></name>, <name name-style="western"><surname>MacRae</surname> <given-names>C</given-names></name>, <name name-style="western"><surname>Koutsifeli</surname> <given-names>P</given-names></name>, <name name-style="western"><surname>Buckels</surname> <given-names>EJ</given-names></name>, <etal>et al</etal>. <article-title>Dietary supplementation of clinically utilized PI3K p110α inhibitor extends the lifespan of male and female mice</article-title>. <source>Nature Aging</source>. <year>2023</year>;<volume>3</volume>(<issue>2</issue>):<fpage>162</fpage>–<lpage>172</lpage>. <comment>doi: <ext-link ext-link-type="uri" xlink:href="https://doi.org/10.1038/s43587-022-00349-y" xlink:type="simple">10.1038/s43587-022-00349-y</ext-link></comment> <object-id pub-id-type="pmid">37118113</object-id></mixed-citation></ref>
<ref id="pbio.3002132.ref013"><label>13</label><mixed-citation publication-type="journal" xlink:type="simple"><name name-style="western"><surname>Ocampo</surname> <given-names>A</given-names></name>, <name name-style="western"><surname>Reddy</surname> <given-names>P</given-names></name>, <name name-style="western"><surname>Martinez-Redondo</surname> <given-names>P</given-names></name>, <name name-style="western"><surname>Platero-Luengo</surname> <given-names>A</given-names></name>, <name name-style="western"><surname>Hatanaka</surname> <given-names>F</given-names></name>, <name name-style="western"><surname>Hishida</surname> <given-names>T</given-names></name>, <etal>et al</etal>. <article-title>In Vivo Amelioration of Age-Associated Hallmarks by Partial Reprogramming</article-title>. <source>Cell</source>. <year>2016</year>;<volume>167</volume>(<issue>7</issue>):<fpage>1719</fpage>–<lpage>1733.e12</lpage>. <comment>doi: <ext-link ext-link-type="uri" xlink:href="https://doi.org/10.1016/j.cell.2016.11.052" xlink:type="simple">10.1016/j.cell.2016.11.052</ext-link></comment> <object-id pub-id-type="pmid">27984723</object-id></mixed-citation></ref>
</ref-list>
</back>
</article>